{"cameraMode":{"drawMode":0,"name":"Shaded","section":"Shading Mode"},"sceneLighting":false,"audioPlay":false,"sceneViewState":{"m_AlwaysRefresh":false,"showFog":true,"showSkybox":false,"showFlares":true,"showImageEffects":true,"showParticleSystems":true,"showVisualEffectGraphs":true,"m_FxEnabled":true},"in2DMode":false,"pivot":{"x":2.756089210510254,"y":0.46105101704597475,"z":-41.01228332519531},"rotation":{"x":0.09861966222524643,"y":-0.07132309675216675,"z":0.007025635801255703,"w":0.9927753806114197},"size":0.8369240164756775,"orthographic":false}