{"cameraMode":{"drawMode":0,"name":"Shaded","section":"Shading Mode"},"sceneLighting":true,"audioPlay":false,"sceneViewState":{"m_AlwaysRefresh":false,"showFog":true,"showSkybox":true,"showFlares":true,"showImageEffects":true,"showParticleSystems":true,"showVisualEffectGraphs":true,"m_FxEnabled":true},"in2DMode":false,"pivot":{"x":1.0503143072128297,"y":-0.6327377557754517,"z":128.3740234375},"rotation":{"x":0.04859580844640732,"y":-0.015301628969609738,"z":0.0006594324950128794,"w":0.998929500579834},"size":28.78384780883789,"orthographic":false}