{"cameraMode":{"drawMode":0,"name":"Shaded","section":"Shading Mode"},"sceneLighting":true,"audioPlay":false,"sceneViewState":{"m_AlwaysRefresh":false,"showFog":true,"showSkybox":true,"showFlares":true,"showImageEffects":true,"showParticleSystems":true,"showVisualEffectGraphs":true,"m_FxEnabled":true},"in2DMode":false,"pivot":{"x":-1.8045382499694825,"y":29.200109481811525,"z":-28.646976470947267},"rotation":{"x":0.10364467650651932,"y":0.003859690623357892,"z":-0.0004727458581328392,"w":0.9948379993438721},"size":27.349754333496095,"orthographic":false}