{"cameraMode":{"drawMode":0,"name":"Shaded","section":"Shading Mode"},"sceneLighting":true,"audioPlay":false,"sceneViewState":{"m_AlwaysRefresh":false,"showFog":true,"showSkybox":true,"showFlares":true,"showImageEffects":true,"showParticleSystems":true,"showVisualEffectGraphs":true,"m_FxEnabled":true},"in2DMode":false,"pivot":{"x":-16.185516357421876,"y":-11.982420921325684,"z":49.94145965576172},"rotation":{"x":-0.29591789841651919,"y":0.23383678495883943,"z":-0.07504259049892426,"w":-0.9231969714164734},"size":36.33525085449219,"orthographic":false}