{"cameraMode":{"drawMode":0,"name":"Shaded","section":"Shading Mode"},"sceneLighting":true,"audioPlay":false,"sceneViewState":{"m_AlwaysRefresh":false,"showFog":true,"showSkybox":true,"showFlares":true,"showImageEffects":true,"showParticleSystems":true,"showVisualEffectGraphs":true,"m_FxEnabled":true},"in2DMode":false,"pivot":{"x":3.877577066421509,"y":1.847815990447998,"z":-49.89128112792969},"rotation":{"x":0.1702118068933487,"y":-0.005641851108521223,"z":0.0009012159425765276,"w":0.985619306564331},"size":1.9294474124908448,"orthographic":false}