{"cameraMode":{"drawMode":0,"name":"Shaded","section":"Shading Mode"},"sceneLighting":true,"audioPlay":false,"sceneViewState":{"m_AlwaysRefresh":false,"showFog":true,"showSkybox":true,"showFlares":true,"showImageEffects":true,"showParticleSystems":true,"showVisualEffectGraphs":true,"m_FxEnabled":true},"in2DMode":false,"pivot":{"x":1.2170884609222413,"y":0.6494193077087402,"z":2.478318214416504},"rotation":{"x":-0.05168171972036362,"y":0.6875526309013367,"z":-0.04919464513659477,"w":-0.7226781845092773},"size":2.9645886421203615,"orthographic":false}