{"cameraMode":{"drawMode":0,"name":"Shaded","section":"Shading Mode"},"sceneLighting":true,"audioPlay":false,"sceneViewState":{"m_AlwaysRefresh":false,"showFog":true,"showSkybox":true,"showFlares":true,"showImageEffects":true,"showParticleSystems":true,"showVisualEffectGraphs":true,"m_FxEnabled":true},"in2DMode":false,"pivot":{"x":3.3471662998199465,"y":0.8069657683372498,"z":-49.31150817871094},"rotation":{"x":-0.059332940727472308,"y":-0.04101744294166565,"z":0.0025005803909152748,"w":-0.9975953102111816},"size":5.201279640197754,"orthographic":false}