{"cameraMode":{"drawMode":0,"name":"Shaded","section":"Shading Mode"},"sceneLighting":true,"audioPlay":false,"sceneViewState":{"m_AlwaysRefresh":false,"showFog":true,"showSkybox":true,"showFlares":true,"showImageEffects":true,"showParticleSystems":true,"showVisualEffectGraphs":true,"m_FxEnabled":true},"in2DMode":false,"pivot":{"x":2.5965051651000978,"y":1.2615679502487183,"z":-49.2576789855957},"rotation":{"x":-0.1666465699672699,"y":-0.012120036408305169,"z":0.0021023082081228496,"w":-0.9861335754394531},"size":1.4022290706634522,"orthographic":false}