{"cameraMode":{"drawMode":0,"name":"Shaded","section":"Shading Mode"},"sceneLighting":true,"audioPlay":false,"sceneViewState":{"m_AlwaysRefresh":false,"showFog":true,"showSkybox":true,"showFlares":true,"showImageEffects":true,"showParticleSystems":true,"showVisualEffectGraphs":true,"m_FxEnabled":true},"in2DMode":false,"pivot":{"x":15.746851921081543,"y":11.087043762207032,"z":-39.99462127685547},"rotation":{"x":-0.3446923792362213,"y":0.22524650394916535,"z":-0.08556190133094788,"w":-0.9074654579162598},"size":15.109151840209961,"orthographic":false}