{"cameraMode":{"drawMode":0,"name":"Shaded","section":"Shading Mode"},"sceneLighting":true,"audioPlay":false,"sceneViewState":{"m_AlwaysRefresh":false,"showFog":true,"showSkybox":true,"showFlares":true,"showImageEffects":true,"showParticleSystems":true,"showVisualEffectGraphs":true,"m_FxEnabled":true},"in2DMode":false,"pivot":{"x":26.898300170898439,"y":-22.245969772338868,"z":41.84281539916992},"rotation":{"x":-0.1808224320411682,"y":-0.014454643242061139,"z":0.002682199701666832,"w":-0.9835931062698364},"size":125.95600891113281,"orthographic":false}