{"cameraMode":{"drawMode":0,"name":"Shaded","section":"Shading Mode"},"sceneLighting":true,"audioPlay":false,"sceneViewState":{"m_AlwaysRefresh":false,"showFog":true,"showSkybox":true,"showFlares":true,"showImageEffects":true,"showParticleSystems":true,"showVisualEffectGraphs":true,"m_FxEnabled":true},"in2DMode":false,"pivot":{"x":3.6836397647857668,"y":0.993536114692688,"z":-40.640586853027347},"rotation":{"x":0.0962349995970726,"y":-0.22936494648456574,"z":0.022681817412376405,"w":0.9685602188110352},"size":4.28877592086792,"orthographic":false}