{"cameraMode":{"drawMode":0,"name":"Shaded","section":"Shading Mode"},"sceneLighting":true,"audioPlay":false,"sceneViewState":{"m_AlwaysRefresh":false,"showFog":true,"showSkybox":true,"showFlares":true,"showImageEffects":true,"showParticleSystems":true,"showVisualEffectGraphs":true,"m_FxEnabled":true},"in2DMode":false,"pivot":{"x":0.7640748023986816,"y":0.972348690032959,"z":21.300853729248048},"rotation":{"x":-0.058166857808828357,"y":0.021258361637592317,"z":-0.0013209892204031349,"w":-0.9981590509414673},"size":17.510955810546876,"orthographic":false}