{"cameraMode":{"drawMode":0,"name":"Shaded","section":"Shading Mode"},"sceneLighting":true,"audioPlay":false,"sceneViewState":{"m_AlwaysRefresh":false,"showFog":true,"showSkybox":true,"showFlares":true,"showImageEffects":true,"showParticleSystems":true,"showVisualEffectGraphs":true,"m_FxEnabled":true},"in2DMode":false,"pivot":{"x":1.240126609802246,"y":0.7620939612388611,"z":3.2659294605255129},"rotation":{"x":-0.05168171972036362,"y":0.6875526309013367,"z":-0.04919464513659477,"w":-0.7226781845092773},"size":2.0023040771484377,"orthographic":false}